Départements métropolitains,,Aire (km²),Centre (« de gravité sur l'ellipsoïde »),,
,,,"Ʌ (° ' """")","ɸ (° ' """")",Commune
01,Ain,5 785,"5°20'56"" E","46°05'58""",01160 Saint-Martin-du-Mont
02,Aisne,7 419,"3°33'30"" E","49°33'34""",02000 Clacy-et-Thierret
03,Allier,7 380,"3°11'18"" E","46°23'37""",03240 Treban
04,Alpes-de-Haute-Provence,6 996,"6°14'38"" E","44°06'22""",04000 Digne-les-Bains
05,Hautes-Alpes,5 689,"6°15'47"" E","44°39'49""",05260 Saint-Jean-Saint-Nicolas
06,Alpes-Maritimes,4 297,"7°06'59"" E","43°56'15""",06710 Massoins
07,Ardèche,5 565,"4°25'29"" E","44°45'06""",07530 Saint-Joseph-des-Bancs
08,Ardennes,5 244,"4°38'27"" E","49°36'56""",08430 Mazerny
09,Ariège,4 908,"1°30'14"" E","42°55'15""",09000 Brassac
10,Aube,6 027,"4°09'42"" E","48°18'16""",10410 Villechétif
11,Aude,6 345,"2°24'51"" E","43°06'12""",11250 Ladern-sur-Lauquet
12,Aveyron,8 774,"2°40'47"" E","44°16'49""",12290 Pont-de-Salars
13,Bouches-du-Rhône,5 247,"5°05'11"" E","43°32'36""",13250 Saint-Chamas
14,Calvados,5 606,"0°21'49"" O","49°05'59""",14320 May-sur-Orne
15,Cantal,5 776,"2°40'07"" E","45°03'04""",15800 Thiézac
16,Charente,5 974,"0°12'06"" E","45°43'05""",6430 Champniers
17,Charente-Maritime,6 914,"0°40'28"" O","45°46'51""",17810 Saint-Georges-des-Coteaux
18,Cher,7 310,"2°29'28"" E","47°03'53""",18390 Osmoy
19,Corrèze,5 900,"1°52'37"" E","45°21'25""",19800 Corrèze
2A,Corse-du-Sud,4 022,"8°59'17"" E","41°51'49""",20190 Santa-Maria-Siché
2B,Haute-Corse,4 708,"9°12'23"" E","42°23'39""",20244 Lano
21,Côte-d'Or,8 803,"4°46'20"" E","47°25'29""",21440 Saint-Martin-du-Mont
22,Côtes-d'Armor,6 983,"2°51'51"" O","48°26'28""",22800 Plaine-Haute
23,Creuse,5 599,"2°01'08"" E","46°05'25""",23150 Ahun
24,Dordogne,9 224,"0°44'29"" E","45°06'15""",24660 Notre-Dame-de-Sanilhac
25,Doubs,5 254,"6°21'42"" E","47°09'55""",25530 Chevigney-lès-Vercel
26,Drôme,6 559,"5°10'05"" E","44°41'03""",26340 Saint-Sauveur-en-Diois
27,Eure,6 035,"0°59'46"" E","49°06'49""",27110 Quittebeuf
28,Eure-et-Loir,5 933,"1°22'13"" E","48°23'15""",28120 Nogent-sur-Eure
29,Finistère,6 759,"4°03'32"" O","48°15'40""",29590 Lopérec
30,Gard,5 876,"4°10'49"" E","43°59'36""",30190 Boucoiran-et-Nozières
31,Haute-Garonne,6 360,"1°10'22"" E","43°21'31""",31410 Longages
32,Gers,6 300,"0°27'12"" E","43°41'34""",32350 Ordan-Larroque
33,Gironde,10 155,"0°34'31"" O","44°49'31""",33000 Bordeaux
34,Hérault,6 231,"3°22'02"" E","43°34'47""",34800 Cabrières
35,Ille-et-Vilaine,6 844,"1°38'19"" O","48°09'16""",35830 Betton
36,Indre,6 898,"1°34'33"" E","46°46'40""",36250 Niherne/Saint-Maur
37,Indre-et-Loire,6 160,"0°41'29"" E","47°15'29""",37250 Sorigny
38,Isère,7 876,"5°34'34"" E","45°15'48""",38113 Veurey-Voroize
39,Jura,5 050,"5°41'52"" E","46°43'42""",39210 La Marre
40,Landes,9 351,"0°47'02"" O","43°57'56""",40110 Villenave
41,Loir-et-Cher,6 419,"1°25'46"" E","47°37'00""",41350 Saint-Claude-de-Diray
42,Loire,4 807,"4°09'57"" E","45°43'37""",42110 Poncins
43,Haute-Loire,5 005,"3°48'23"" E","45°07'41""",43350 Saint-Paulien
44,Loire-Atlantique,6 912,"1°40'56"" O","47°21'41""",44130 Notre-Dame-des-Landes
45,Loiret,6 811,"2°20'39"" E","47°54'43""",45110 Saint-Martin-d'Abbat
46,Lot,5 227,"1°36'17"" E","44°37'27""",46240 Soulomès
47,Lot-et-Garonne,5 385,"0°27'37"" E","44°22'03""",47260 Granges-sur-Lot
48,Lozère,5 175,"3°30'01"" E","44°31'02""",48000 Mende
49,Maine-et-Loire,7 232,"0°33'51"" O","47°23'27""",49610 Mûrs-Erigné
50,Manche,6 006,"1°19'39"" O","49°04'46""",50210 Camprond
51,Marne,8 191,"4°14'19"" E","48°56'57""",51510 Saint-Pierre
52,Haute-Marne,6 257,"5°13'35"" E","48°06'34""",52000 Chamarandes-Choignes
53,Mayenne,5 212,"0°39'29"" O","48°08'48""",53950 La Chapelle-Anthenaise
54,Meurthe-et-Moselle,5 282,"6°09'54"" E","48°47'13""",54670 Malleloy
55,Meuse,6 236,"5°22'54"" E","48°59'22""",55220 Récourt-le-Creux
56,Morbihan,6 874,"2°48'36"" O","47°50'47""",56500 Moustoir-Ac
57,Moselle,6 251,"6°39'48"" E","49°02'14""",57380 Guessling-Hémering
58,Nièvre,6 874,"3°30'17"" E","47°06'55""",58330 Saint-Saulge
59,Nord,5 751,"3°13'14"" E","50°26'50""",59310 Coutiches
60,Oise,5 890,"2°25'31"" E","49°24'37""",60600 Fitz-James
61,Orne,6 145,"0°07'44"" E","48°37'25""",61500 Belfonds
62,Pas-de-Calais,6 694,"2°17'19"" E","50°29'37""",62134 Fontaine-lès-Boulans
63,Puy-de-Dôme,8 012,"3°08'27"" E","45°43'33""",63170 Pérignat-lès-Sarliève
64,Pyrénées-Atlantiques,7 685,"0°45'41"" O","43°15'24""",64190 Gurs
65,Hautes-Pyrénées,4 522,"0°09'50"" E","43°03'11""",65200 Gerde
66,Pyrénées-Orientales,4 141,"2°31'20"" E","42°36'00""",66320 Finestret
67,Bas-Rhin,4 796,"7°33'05"" E","48°40'15""",67370 Schnersheim
68,Haut-Rhin,3 533,"7°16'27"" E","47°51'31""",68540 Feldkirch
69,Rhône,3 259,"4°38'29"" E","45°52'13""",69380 Châtillon
70,Haute-Saône,5 391,"6°05'10"" E","47°38'28""",70000 Montigny-lès-Vesoul
71,Saône-et-Loire,8 616,"4°32'32"" E","46°38'41""",71460 Collonge-en-Charollais
72,Sarthe,6 246,"0°13'20"" E","47°59'40""",72000 Le Mans
73,Savoie,6 271,"6°26'37"" E","45°28'39""",73260 Les Avanchers-Valmorel
74,Haute-Savoie,4 605,"6°25'41"" E","46°02'04""",74130 Brizon
75,Paris,105,"2°20'32"" E","48°51'24""",75001 Paris
76,Seine-Maritime,6 321,"1°01'35"" E","49°39'18""",76890 Varneville-Bretteville
77,Seine-et-Marne,5 928,"2°56'00"" E","48°37'36""",77720 Quiers
78,Yvelines,2 305,"1°50'30"" E","48°48'54""",78490 Vicq
79,Deux-Sèvres,6 040,"0°19'02"" O","46°33'20""",79310 Mazières-en-Gâtine
80,Somme,6 194,"2°16'40"" E","49°57'29""",80260 Bertangles
81,Tarn,5 780,"2°09'58"" E","43°47'07""",81120 Réalmont
82,Tarn-et-Garonne,3 729,"1°16'55"" E","44°05'09""",82130 Villemade
83,Var,6 163,"6°13'05"" E","43°27'38""",83570 Carcès
84,Vaucluse,3 451,"5°11'10"" E","43°59'38""",84210 Venasque
85,Vendée,6 774,"1°17'52"" O","46°40'29""",85310 La Chaize-le-Vicomte
86,Vienne,7 038,"0°27'37"" E","46°33'50""",86800 Saint-Julien-l'Ars
87,Haute-Vienne,5 560,"1°14'07"" E","45°53'30""",87270 Couzeix
88,Vosges,5 899,"6°22'50"" E","48°11'48""",88390 Uxegney
89,Yonne,7 458,"3°33'52"" E","47°50'23""",89470 Monéteau
90,Territoire de Belfort,612,"6°55'43"" E","47°37'54""",90340 Chèvremont
91,Essonne,1 819,"2°14'35"" E","48°31'20""",91510 Lardy
92,Hauts-de-Seine,175,"2°14'45"" E","48°50'50""",92100 Boulogne/75016 Paris
93,Seine-Saint-Denis,237,"2°28'41"" E","48°55'03""",93140 Bondy
94,Val-de-Marne,246,"2°28'08"" E","48°46'39""",94000 Créteil
95,Val-d'Oise,1 253,"2°07'52"" E","49°04'58""",95430 Auvers-sur-Oise